2025-04-04T01:41:16.618Z,https://image.rakuten.co.jp/meat-companion/cabinet/wake_steak/matome_aori_1a.jpg
2025-04-04T02:02:05.738Z,https://image.rakuten.co.jp/meat-companion/cabinet/wake_steak/matome_aori_1a.jpg
2025-04-04T02:02:05.738Z,https://image.rakuten.co.jp/meat-companion/cabinet/wake_steak/matome_aori_1.jpg
2025-04-04T02:35:08.458Z,https://image.rakuten.co.jp/meat-companion/cabinet/yakekuso.jpg
2025-04-04T02:35:24.907Z,https://image.rakuten.co.jp/meat-companion/cabinet/yakekuso.jpg
2025-04-04T02:35:24.907Z,https://image.rakuten.co.jp/meat-companion/cabinet/fav_bnr.jpg
2025-04-04T02:37:46.529Z,https://image.rakuten.co.jp/meat-companion/cabinet/yakekuso.jpg
2025-04-04T02:37:53.504Z,https://image.rakuten.co.jp/meat-companion/cabinet/yakekuso.jpg
2025-04-04T02:37:53.504Z,https://image.rakuten.co.jp/meat-companion/cabinet/fav_bnr.jpg
2025-04-04T03:11:21.195Z,https://image.rakuten.co.jp/hakataakindo/cabinet/hansoku/11340789/akindo-10-1004.jpg
2025-04-04T03:11:51.447Z,https://image.rakuten.co.jp/hakataakindo/cabinet/hansoku/11340789/imgrc0105074150.jpg
2025-04-04T03:13:14.479Z,https://image.rakuten.co.jp/hakataakindo/cabinet/hansoku/250404/imgrc0108299241.jpg
2025-04-04T03:50:46.563Z,https://image.rakuten.co.jp/tsubakiya/cabinet/kaku/md_2ico_ad07.jpg
2025-04-04T05:05:38.629Z,https://image.rakuten.co.jp/tsubakiya/cabinet/kaku/imgrc0192245125.jpg
2025-04-04T05:13:35.841Z,https://image.rakuten.co.jp/tsubakiya/cabinet/kaku/md_2ico_ad07.jpg
2025-04-04T05:34:45.149Z,https://image.rakuten.co.jp/studio-beta/cabinet/10433841/250404/hayawari.jpg
2025-04-05T06:54:12.495Z,https://image.rakuten.co.jp/meat-companion/cabinet/yakekuso.jpg
2025-04-05T06:54:23.853Z,https://image.rakuten.co.jp/meat-companion/cabinet/yakekuso.jpg
2025-04-05T06:54:23.853Z,https://image.rakuten.co.jp/meat-companion/cabinet/yakekuso.jpg
2025-04-05T06:54:23.853Z,https://image.rakuten.co.jp/meat-companion/cabinet/yakekuso.jpg
2025-04-05T06:54:33.264Z,https://image.rakuten.co.jp/meat-companion/cabinet/yakekuso.jpg
2025-04-05T06:54:33.264Z,https://image.rakuten.co.jp/meat-companion/cabinet/yakekuso.jpg
2025-04-05T06:54:33.264Z,https://image.rakuten.co.jp/meat-companion/cabinet/yakekuso.jpg
2025-04-05T13:24:18.466Z,https://image.rakuten.co.jp/tsubakiya/cabinet/kaku/imgrc0192260202.jpg
2025-04-05T13:33:42.287Z,https://image.rakuten.co.jp/tsubakiya/cabinet/kaku/md_3ico_ad07.jpg
2025-04-07T02:05:16.042Z,https://image.rakuten.co.jp/coedobrewery/cabinet/10799879/11957312/6set_01.jpg
2025-04-07T02:11:41.658Z,https://image.rakuten.co.jp/coedobrewery/cabinet/10799879/11957312/imgrc0104045844.jpg
2025-04-07T05:56:40.132Z,https://image.rakuten.co.jp/tsubakiya/cabinet/11850571/imgrc0192274003.jpg
2025-04-07T05:56:40.132Z,https://image.rakuten.co.jp/tsubakiya/cabinet/11850571/imgrc0192274004.jpg
2025-04-07T05:56:40.132Z,https://image.rakuten.co.jp/tsubakiya/cabinet/11850571/imgrc0192274005.jpg
2025-04-07T05:56:40.132Z,https://image.rakuten.co.jp/tsubakiya/cabinet/11850571/imgrc0192274006.jpg
2025-04-07T06:03:45.073Z,https://image.rakuten.co.jp/tsubakiya/cabinet/11850571/imgrc0192274083.jpg
2025-04-07T06:03:45.073Z,https://image.rakuten.co.jp/tsubakiya/cabinet/11850571/imgrc0192274084.jpg
2025-04-07T06:03:45.073Z,https://image.rakuten.co.jp/tsubakiya/cabinet/11850571/imgrc0192274085.jpg
2025-04-07T06:03:45.073Z,https://image.rakuten.co.jp/tsubakiya/cabinet/11850571/imgrc0192274086.jpg
2025-04-07T06:04:22.206Z,https://image.rakuten.co.jp/tsubakiya/cabinet/11850571/imgrc0192274083.jpg
2025-04-07T06:04:22.206Z,https://image.rakuten.co.jp/tsubakiya/cabinet/11850571/imgrc0192274084.jpg
2025-04-07T06:04:22.206Z,https://image.rakuten.co.jp/tsubakiya/cabinet/11850571/imgrc0192274085.jpg
2025-04-07T06:04:22.206Z,https://image.rakuten.co.jp/tsubakiya/cabinet/11850571/imgrc0192274086.jpg
2025-04-09T07:56:15.283Z,https://image.rakuten.co.jp/tsubakiya/cabinet/kaku/md_yubi_ad07.jpg
2025-04-09T07:57:24.516Z,https://image.rakuten.co.jp/tsubakiya/cabinet/kaku/imgrc0192341554.jpg
2025-04-09T09:13:14.590Z,https://image.rakuten.co.jp/coedobrewery/cabinet/kaku/gentei3sc_01.jpg
2025-04-09T09:13:55.413Z,https://image.rakuten.co.jp/coedobrewery/cabinet/kaku/imgrc0104092555.jpg
2025-04-09T09:15:51.275Z,https://image.rakuten.co.jp/coedobrewery/cabinet/kaku/imgrc0104092556.jpg
2025-04-09T09:16:48.896Z,https://image.rakuten.co.jp/coedobrewery/cabinet/kaku/imgrc0104092562.jpg
2025-04-09T09:18:57.387Z,https://image.rakuten.co.jp/coedobrewery/cabinet/kaku/imgrc0104092563.jpg
2025-04-09T09:20:39.633Z,https://image.rakuten.co.jp/coedobrewery/cabinet/kaku/imgrc0104092564.jpg
2025-04-09T09:22:21.160Z,https://image.rakuten.co.jp/coedobrewery/cabinet/kaku/imgrc0104092657.jpg
2025-04-09T09:22:29.195Z,https://image.rakuten.co.jp/coedobrewery/cabinet/kaku/imgrc0104092658.jpg
2025-04-09T09:23:05.457Z,https://image.rakuten.co.jp/coedobrewery/cabinet/kaku/imgrc0104092659.jpg
2025-04-09T09:24:33.294Z,https://image.rakuten.co.jp/coedobrewery/cabinet/kaku/imgrc0104092856.jpg
2025-04-09T09:24:53.668Z,https://image.rakuten.co.jp/coedobrewery/cabinet/kaku/imgrc0104092858.jpg
2025-04-09T09:25:12.538Z,https://image.rakuten.co.jp/coedobrewery/cabinet/kaku/gentei3s_01.jpg
2025-04-09T09:25:38.589Z,https://image.rakuten.co.jp/tsubakiya/cabinet/kaku/gentei3sc_01.jpg
2025-04-09T09:25:59.118Z,https://image.rakuten.co.jp/coedobrewery/cabinet/kaku/imgrc0104092860.jpg
2025-04-09T09:26:46.058Z,https://image.rakuten.co.jp/coedobrewery/cabinet/kaku/imgrc0104092871.jpg
2025-04-09T09:27:18.290Z,https://image.rakuten.co.jp/coedobrewery/cabinet/kaku/imgrc0104092875.jpg
2025-04-09T09:27:34.646Z,https://image.rakuten.co.jp/coedobrewery/cabinet/kaku/imgrc0104092877.jpg
2025-04-09T09:27:46.610Z,https://image.rakuten.co.jp/coedobrewery/cabinet/kaku/imgrc0104092878.jpg
2025-04-09T09:28:33.043Z,https://image.rakuten.co.jp/coedobrewery/cabinet/kaku/imgrc0104092879.jpg
2025-04-09T09:29:14.181Z,https://image.rakuten.co.jp/coedobrewery/cabinet/kaku/imgrc0104092880.jpg
2025-04-09T09:30:38.145Z,https://image.rakuten.co.jp/coedobrewery/cabinet/kaku/imgrc0104092881.jpg
2025-04-09T09:32:01.888Z,https://image.rakuten.co.jp/coedobrewery/cabinet/kaku/imgrc0104092882.jpg
2025-04-09T09:32:17.739Z,https://image.rakuten.co.jp/coedobrewery/cabinet/kaku/imgrc0104092883.jpg
2025-04-09T09:33:52.406Z,https://image.rakuten.co.jp/coedobrewery/cabinet/kaku/imgrc0104092884.jpg
2025-04-09T09:34:20.598Z,https://image.rakuten.co.jp/coedobrewery/cabinet/kaku/imgrc0104092885.jpg
2025-04-09T09:34:54.402Z,https://image.rakuten.co.jp/coedobrewery/cabinet/kaku/imgrc0104092889.jpg
2025-04-09T09:35:26.397Z,https://image.rakuten.co.jp/coedobrewery/cabinet/kaku/imgrc0104092890.jpg
2025-04-09T09:35:46.750Z,https://image.rakuten.co.jp/coedobrewery/cabinet/kaku/imgrc0104092898.jpg
2025-04-09T09:35:50.768Z,https://image.rakuten.co.jp/coedobrewery/cabinet/kaku/imgrc0104092898.jpg
2025-04-09T09:35:56.250Z,https://image.rakuten.co.jp/coedobrewery/cabinet/kaku/imgrc0104092907.jpg
2025-04-09T09:36:23.817Z,https://image.rakuten.co.jp/coedobrewery/cabinet/kaku/imgrc0104092944.jpg
2025-04-09T09:36:50.820Z,https://image.rakuten.co.jp/coedobrewery/cabinet/kaku/imgrc0104092991.jpg
2025-04-09T09:37:22.830Z,https://image.rakuten.co.jp/coedobrewery/cabinet/kaku/imgrc0104093004.jpg
2025-04-09T09:37:44.135Z,https://image.rakuten.co.jp/coedobrewery/cabinet/kaku/imgrc0104093005.jpg
2025-04-09T09:37:57.042Z,https://image.rakuten.co.jp/coedobrewery/cabinet/kaku/imgrc0104093004.jpg
2025-04-09T09:38:01.133Z,https://image.rakuten.co.jp/coedobrewery/cabinet/kaku/imgrc0104093007.jpg
2025-04-09T09:38:31.703Z,https://image.rakuten.co.jp/coedobrewery/cabinet/kaku/imgrc0104093008.jpg
2025-04-09T09:38:41.839Z,https://image.rakuten.co.jp/coedobrewery/cabinet/kaku/imgrc0104093009.jpg
2025-04-09T09:39:40.229Z,https://image.rakuten.co.jp/coedobrewery/cabinet/kaku/imgrc0104093011.jpg
2025-04-09T09:39:49.659Z,https://image.rakuten.co.jp/coedobrewery/cabinet/kaku/imgrc0104093012.jpg
2025-04-09T09:40:19.526Z,https://image.rakuten.co.jp/coedobrewery/cabinet/kaku/imgrc0104093014.jpg
2025-04-09T09:40:36.344Z,https://image.rakuten.co.jp/coedobrewery/cabinet/kaku/imgrc0104093016.jpg
2025-04-09T09:41:09.203Z,https://image.rakuten.co.jp/coedobrewery/cabinet/kaku/imgrc0104093017.jpg
2025-04-09T09:41:42.295Z,https://image.rakuten.co.jp/coedobrewery/cabinet/kaku/imgrc0104093027.jpg
2025-04-09T09:42:14.260Z,https://image.rakuten.co.jp/coedobrewery/cabinet/kaku/imgrc0104093028.jpg
2025-04-09T09:42:17.350Z,https://image.rakuten.co.jp/coedobrewery/cabinet/kaku/imgrc0104093029.jpg
2025-04-09T09:42:51.613Z,https://image.rakuten.co.jp/coedobrewery/cabinet/kaku/imgrc0104093030.jpg
2025-04-09T09:43:37.549Z,https://image.rakuten.co.jp/coedobrewery/cabinet/kaku/imgrc0104093032.jpg
2025-04-09T09:44:43.819Z,https://image.rakuten.co.jp/coedobrewery/cabinet/kaku/imgrc0104093038.jpg
2025-04-09T09:45:16.147Z,https://image.rakuten.co.jp/coedobrewery/cabinet/kaku/imgrc0104093039.jpg
2025-04-09T09:45:24.525Z,https://image.rakuten.co.jp/coedobrewery/cabinet/kaku/imgrc0104093040.jpg
2025-04-09T09:46:13.071Z,https://image.rakuten.co.jp/coedobrewery/cabinet/kaku/imgrc0104093041.jpg
2025-04-09T09:46:18.420Z,https://image.rakuten.co.jp/coedobrewery/cabinet/kaku/imgrc0104093042.jpg
2025-04-09T09:46:50.701Z,https://image.rakuten.co.jp/coedobrewery/cabinet/kaku/imgrc0104093043.jpg
2025-04-09T09:48:04.176Z,https://image.rakuten.co.jp/coedobrewery/cabinet/kaku/imgrc0104093044.jpg
2025-04-09T09:48:14.150Z,https://image.rakuten.co.jp/coedobrewery/cabinet/kaku/imgrc0104093045.jpg
2025-04-09T09:48:41.466Z,https://image.rakuten.co.jp/coedobrewery/cabinet/kaku/imgrc0104093046.jpg
2025-04-09T09:49:15.009Z,https://image.rakuten.co.jp/coedobrewery/cabinet/kaku/imgrc0104093055.jpg
2025-04-09T09:49:48.726Z,https://image.rakuten.co.jp/coedobrewery/cabinet/kaku/imgrc0104093069.jpg
2025-04-09T09:50:41.630Z,https://image.rakuten.co.jp/coedobrewery/cabinet/kaku/imgrc0104093070.jpg
2025-04-09T09:50:49.971Z,https://image.rakuten.co.jp/coedobrewery/cabinet/kaku/imgrc0104093071.jpg
2025-04-09T09:51:37.439Z,https://image.rakuten.co.jp/coedobrewery/cabinet/kaku/imgrc0104093072.jpg
2025-04-09T09:52:26.946Z,https://image.rakuten.co.jp/coedobrewery/cabinet/kaku/imgrc0104093074.jpg
2025-04-09T09:53:22.809Z,https://image.rakuten.co.jp/coedobrewery/cabinet/kaku/imgrc0104093075.jpg
2025-04-09T09:53:46.861Z,https://image.rakuten.co.jp/coedobrewery/cabinet/kaku/imgrc0104093076.jpg
2025-04-09T09:54:22.638Z,https://image.rakuten.co.jp/coedobrewery/cabinet/kaku/imgrc0104093077.jpg
2025-04-09T09:55:01.013Z,https://image.rakuten.co.jp/coedobrewery/cabinet/kaku/imgrc0104093078.jpg
2025-04-09T09:55:12.002Z,https://image.rakuten.co.jp/coedobrewery/cabinet/kaku/imgrc0104093079.jpg
2025-04-09T09:56:02.845Z,https://image.rakuten.co.jp/coedobrewery/cabinet/kaku/imgrc0104093083.jpg
2025-04-09T09:56:47.145Z,https://image.rakuten.co.jp/coedobrewery/cabinet/kaku/imgrc0104093093.jpg
2025-04-09T09:57:04.321Z,https://image.rakuten.co.jp/coedobrewery/cabinet/kaku/imgrc0104093095.jpg
2025-04-09T09:57:50.634Z,https://image.rakuten.co.jp/coedobrewery/cabinet/kaku/imgrc0104093107.jpg
2025-04-09T09:59:05.121Z,https://image.rakuten.co.jp/coedobrewery/cabinet/kaku/imgrc0104093123.jpg
2025-04-09T09:59:11.264Z,https://image.rakuten.co.jp/coedobrewery/cabinet/kaku/imgrc0104093124.jpg
2025-04-09T10:00:12.226Z,https://image.rakuten.co.jp/coedobrewery/cabinet/kaku/imgrc0104093168.jpg
2025-04-09T10:00:16.983Z,https://image.rakuten.co.jp/coedobrewery/cabinet/kaku/imgrc0104093170.jpg
2025-04-09T10:00:31.176Z,https://image.rakuten.co.jp/coedobrewery/cabinet/kaku/imgrc0104093173.jpg
2025-04-09T10:01:16.225Z,https://image.rakuten.co.jp/coedobrewery/cabinet/kaku/imgrc0104093190.jpg
2025-04-09T10:01:19.931Z,https://image.rakuten.co.jp/coedobrewery/cabinet/kaku/imgrc0104093191.jpg
2025-04-09T10:01:55.392Z,https://image.rakuten.co.jp/coedobrewery/cabinet/kaku/imgrc0104093192.jpg
2025-04-09T10:02:13.582Z,https://image.rakuten.co.jp/coedobrewery/cabinet/kaku/imgrc0104093193.jpg
2025-04-09T10:02:41.065Z,https://image.rakuten.co.jp/coedobrewery/cabinet/kaku/imgrc0104093192.jpg
2025-04-09T10:03:03.578Z,https://image.rakuten.co.jp/coedobrewery/cabinet/kaku/imgrc0104093195.jpg
2025-04-09T10:03:30.532Z,https://image.rakuten.co.jp/coedobrewery/cabinet/kaku/imgrc0104093196.jpg
2025-04-09T10:04:40.149Z,https://image.rakuten.co.jp/coedobrewery/cabinet/kaku/imgrc0104093197.jpg
2025-04-09T10:04:57.081Z,https://image.rakuten.co.jp/coedobrewery/cabinet/kaku/imgrc0104093198.jpg
2025-04-09T10:05:48.990Z,https://image.rakuten.co.jp/coedobrewery/cabinet/kaku/imgrc0104093199.jpg
2025-04-09T10:05:52.617Z,https://image.rakuten.co.jp/coedobrewery/cabinet/kaku/imgrc0104093200.jpg
2025-04-09T10:06:17.758Z,https://image.rakuten.co.jp/coedobrewery/cabinet/kaku/imgrc0104093201.jpg
2025-04-09T10:07:21.764Z,https://image.rakuten.co.jp/coedobrewery/cabinet/kaku/imgrc0104093203.jpg
2025-04-09T10:07:23.310Z,https://image.rakuten.co.jp/coedobrewery/cabinet/kaku/imgrc0104093202.jpg
2025-04-09T10:08:20.483Z,https://image.rakuten.co.jp/coedobrewery/cabinet/kaku/imgrc0104093215.jpg
2025-04-09T10:09:20.912Z,https://image.rakuten.co.jp/coedobrewery/cabinet/kaku/imgrc0104093228.jpg
2025-04-09T10:10:46.235Z,https://image.rakuten.co.jp/coedobrewery/cabinet/kaku/imgrc0104093254.jpg
2025-04-09T10:11:34.711Z,https://image.rakuten.co.jp/coedobrewery/cabinet/kaku/imgrc0104093268.jpg
2025-04-09T10:12:04.122Z,https://image.rakuten.co.jp/coedobrewery/cabinet/kaku/imgrc0104093274.jpg
2025-04-09T10:12:18.192Z,https://image.rakuten.co.jp/coedobrewery/cabinet/kaku/imgrc0104093280.jpg
2025-04-09T10:12:57.604Z,https://image.rakuten.co.jp/coedobrewery/cabinet/kaku/imgrc0104093281.jpg
2025-04-09T10:13:55.620Z,https://image.rakuten.co.jp/coedobrewery/cabinet/kaku/imgrc0104093280.jpg
2025-04-09T10:13:57.044Z,https://image.rakuten.co.jp/coedobrewery/cabinet/kaku/gentei3sc_02.jpg
2025-04-09T10:13:59.393Z,https://image.rakuten.co.jp/coedobrewery/cabinet/kaku/imgrc0104093283.jpg
2025-04-09T10:14:35.452Z,https://image.rakuten.co.jp/coedobrewery/cabinet/kaku/imgrc0104093297.jpg
2025-04-09T10:15:31.788Z,https://image.rakuten.co.jp/coedobrewery/cabinet/kaku/imgrc0104093309.jpg
2025-04-09T10:15:40.173Z,https://image.rakuten.co.jp/coedobrewery/cabinet/kaku/imgrc0104093308.jpg
2025-04-09T10:16:19.586Z,https://image.rakuten.co.jp/coedobrewery/cabinet/kaku/imgrc0104093310.jpg
2025-04-09T10:16:53.044Z,https://image.rakuten.co.jp/coedobrewery/cabinet/kaku/imgrc0104093311.jpg
2025-04-09T10:17:30.962Z,https://image.rakuten.co.jp/coedobrewery/cabinet/kaku/imgrc0104093323.jpg
2025-04-09T10:17:55.347Z,https://image.rakuten.co.jp/coedobrewery/cabinet/kaku/imgrc0104093327.jpg
2025-04-09T10:18:49.006Z,https://image.rakuten.co.jp/coedobrewery/cabinet/kaku/imgrc0104093334.jpg
2025-04-09T10:19:11.462Z,https://image.rakuten.co.jp/coedobrewery/cabinet/kaku/imgrc0104093340.jpg
2025-04-09T10:19:51.805Z,https://image.rakuten.co.jp/coedobrewery/cabinet/kohaku/imgrc0103926908.jpg
2025-04-09T10:19:58.667Z,https://image.rakuten.co.jp/coedobrewery/cabinet/kaku/gf0003_sam.jpg
2025-04-09T10:20:26.276Z,https://image.rakuten.co.jp/coedobrewery/cabinet/kaku/imgrc0104093356.jpg
2025-04-09T10:21:01.882Z,https://image.rakuten.co.jp/coedobrewery/cabinet/kaku/imgrc0104093365.jpg
2025-04-09T10:21:12.901Z,https://image.rakuten.co.jp/coedobrewery/cabinet/kaku/imgrc0104093369.jpg
2025-04-09T10:22:05.140Z,https://image.rakuten.co.jp/coedobrewery/cabinet/kaku/imgrc0104093381.jpg
2025-04-09T10:22:48.359Z,https://image.rakuten.co.jp/coedobrewery/cabinet/kaku/imgrc0104093391.jpg
2025-04-09T10:22:58.613Z,https://image.rakuten.co.jp/coedobrewery/cabinet/kaku/imgrc0104093394.jpg
2025-04-09T10:24:09.326Z,https://image.rakuten.co.jp/coedobrewery/cabinet/kaku/imgrc0104093406.jpg
2025-04-09T10:24:21.672Z,https://image.rakuten.co.jp/coedobrewery/cabinet/kaku/imgrc0104093407.jpg
2025-04-09T10:25:03.417Z,https://image.rakuten.co.jp/coedobrewery/cabinet/kaku/imgrc0104094021.jpg
2025-04-09T10:25:26.019Z,https://image.rakuten.co.jp/coedobrewery/cabinet/kaku/imgrc0104094022.jpg
2025-04-09T10:26:28.976Z,https://image.rakuten.co.jp/coedobrewery/cabinet/kaku/imgrc0104094057.jpg
2025-04-09T10:26:32.828Z,https://image.rakuten.co.jp/coedobrewery/cabinet/kaku/imgrc0104094061.jpg
2025-04-09T10:27:08.998Z,https://image.rakuten.co.jp/coedobrewery/cabinet/kaku/imgrc0104094068.jpg
2025-04-09T10:27:52.123Z,https://image.rakuten.co.jp/coedobrewery/cabinet/kaku/imgrc0104094069.jpg
2025-04-09T10:28:07.781Z,https://image.rakuten.co.jp/coedobrewery/cabinet/kaku/imgrc0104094070.jpg
2025-04-09T10:28:34.319Z,https://image.rakuten.co.jp/coedobrewery/cabinet/kaku/imgrc0104094073.jpg
2025-04-09T10:30:11.666Z,https://image.rakuten.co.jp/coedobrewery/cabinet/kaku/imgrc0104094094.jpg
2025-04-09T10:30:21.056Z,https://image.rakuten.co.jp/coedobrewery/cabinet/kaku/imgrc0104094097.jpg
2025-04-09T10:30:39.386Z,https://image.rakuten.co.jp/coedobrewery/cabinet/kaku/imgrc0104094101.jpg
2025-04-09T10:31:10.217Z,https://image.rakuten.co.jp/coedobrewery/cabinet/kaku/imgrc0104094108.jpg
2025-04-09T10:32:11.177Z,https://image.rakuten.co.jp/coedobrewery/cabinet/kaku/imgrc0104094122.jpg
2025-04-09T10:32:24.303Z,https://image.rakuten.co.jp/coedobrewery/cabinet/kaku/imgrc0104094125.jpg
2025-04-09T10:33:56.065Z,https://image.rakuten.co.jp/coedobrewery/cabinet/kaku/imgrc0104094146.jpg
2025-04-09T10:36:00.611Z,https://image.rakuten.co.jp/coedobrewery/cabinet/kaku/gentei3sc_010.jpg
2025-04-09T10:37:58.184Z,https://image.rakuten.co.jp/coedobrewery/cabinet/kaku/imgrc0104094177.jpg
2025-04-09T10:39:14.031Z,https://image.rakuten.co.jp/coedobrewery/cabinet/kaku/imgrc0104094186.jpg
2025-04-09T10:40:25.141Z,https://image.rakuten.co.jp/coedobrewery/cabinet/kaku/imgrc0104094189.jpg
2025-04-09T10:40:56.388Z,https://image.rakuten.co.jp/coedobrewery/cabinet/kaku/imgrc0104094190.jpg
2025-04-09T10:41:30.479Z,https://image.rakuten.co.jp/coedobrewery/cabinet/kaku/imgrc0104094191.jpg
2025-04-09T10:42:42.969Z,https://image.rakuten.co.jp/coedobrewery/cabinet/kaku/imgrc0104094236.jpg
2025-04-09T10:43:08.633Z,https://image.rakuten.co.jp/coedobrewery/cabinet/kaku/imgrc0104094242.jpg
2025-04-09T10:43:38.172Z,https://image.rakuten.co.jp/coedobrewery/cabinet/kaku/imgrc0104094249.jpg
2025-04-09T10:43:43.720Z,https://image.rakuten.co.jp/coedobrewery/cabinet/kaku/imgrc0104094251.jpg
2025-04-09T10:44:39.702Z,https://image.rakuten.co.jp/coedobrewery/cabinet/kaku/imgrc0104094262.jpg
2025-04-09T10:45:10.619Z,https://image.rakuten.co.jp/coedobrewery/cabinet/kaku/imgrc0104094272.jpg
2025-04-09T10:46:57.991Z,https://image.rakuten.co.jp/coedobrewery/cabinet/kaku/imgrc0104094282.jpg
2025-04-09T10:47:50.390Z,https://image.rakuten.co.jp/coedobrewery/cabinet/kaku/imgrc0104094291.jpg
2025-04-09T10:48:46.731Z,https://image.rakuten.co.jp/coedobrewery/cabinet/kaku/imgrc0104094304.jpg
2025-04-09T10:50:03.952Z,https://image.rakuten.co.jp/coedobrewery/cabinet/kaku/imgrc0104094321.jpg
2025-04-09T10:51:22.842Z,https://image.rakuten.co.jp/coedobrewery/cabinet/kaku/imgrc0104094390.jpg
2025-04-09T10:52:02.784Z,https://image.rakuten.co.jp/coedobrewery/cabinet/kaku/imgrc0104094401.jpg
2025-04-09T10:52:19.721Z,https://image.rakuten.co.jp/coedobrewery/cabinet/kaku/imgrc0104094406.jpg
2025-04-09T10:52:38.090Z,https://image.rakuten.co.jp/coedobrewery/cabinet/kaku/imgrc0104094410.jpg
2025-04-09T10:53:43.937Z,https://image.rakuten.co.jp/coedobrewery/cabinet/kaku/imgrc0104094417.jpg
2025-04-09T10:53:52.080Z,https://image.rakuten.co.jp/coedobrewery/cabinet/kaku/imgrc0104094418.jpg
2025-04-09T10:54:21.006Z,https://image.rakuten.co.jp/coedobrewery/cabinet/kaku/imgrc0104094419.jpg
2025-04-09T10:55:38.340Z,https://image.rakuten.co.jp/coedobrewery/cabinet/kaku/imgrc0104094420.jpg
2025-04-09T10:56:00.915Z,https://image.rakuten.co.jp/coedobrewery/cabinet/kaku/imgrc0104094421.jpg
2025-04-09T10:56:10.095Z,https://image.rakuten.co.jp/coedobrewery/cabinet/kaku/imgrc0104094422.jpg
2025-04-09T10:57:01.653Z,https://image.rakuten.co.jp/coedobrewery/cabinet/kaku/imgrc0104094423.jpg
2025-04-09T10:57:30.258Z,https://image.rakuten.co.jp/coedobrewery/cabinet/kaku/imgrc0104094424.jpg
2025-04-09T10:57:53.711Z,https://image.rakuten.co.jp/coedobrewery/cabinet/kaku/imgrc0104094425.jpg
2025-04-09T10:58:24.309Z,https://image.rakuten.co.jp/coedobrewery/cabinet/kaku/imgrc0104094426.jpg
2025-04-09T12:02:22.809Z,https://image.rakuten.co.jp/coedobrewery/cabinet/kaku/imgrc0104094426.jpg
2025-04-09T12:03:20.939Z,https://image.rakuten.co.jp/coedobrewery/cabinet/kaku/imgrc0104096674.jpg
2025-04-09T12:03:57.855Z,https://image.rakuten.co.jp/coedobrewery/cabinet/kaku/imgrc0104096676.jpg
2025-04-09T12:04:36.684Z,https://image.rakuten.co.jp/coedobrewery/cabinet/kaku/imgrc0104096677.jpg
2025-04-09T12:05:05.566Z,https://image.rakuten.co.jp/coedobrewery/cabinet/kaku/imgrc0104096678.jpg
2025-04-09T12:05:37.799Z,https://image.rakuten.co.jp/coedobrewery/cabinet/kaku/imgrc0104096679.jpg
2025-04-09T12:08:05.444Z,https://image.rakuten.co.jp/coedobrewery/cabinet/kaku/imgrc0104096685.jpg
2025-04-09T12:08:39.380Z,https://image.rakuten.co.jp/coedobrewery/cabinet/kaku/imgrc0104096686.jpg
2025-04-09T12:09:59.456Z,https://image.rakuten.co.jp/coedobrewery/cabinet/kaku/imgrc0104096696.jpg
2025-04-09T12:22:06.979Z,https://image.rakuten.co.jp/coedobrewery/cabinet/kaku/imgrc0104096696.jpg
2025-04-09T13:08:59.966Z,https://image.rakuten.co.jp/coedobrewery/cabinet/kaku/imgrc0104096842.jpg
2025-04-09T13:09:36.520Z,https://image.rakuten.co.jp/coedobrewery/cabinet/kaku/imgrc0104096843.jpg
2025-04-09T13:15:53.537Z,https://image.rakuten.co.jp/coedobrewery/cabinet/kaku/imgrc0104096907.jpg
2025-04-09T13:21:35.649Z,https://image.rakuten.co.jp/coedobrewery/cabinet/kaku/imgrc0104096925.jpg
2025-04-09T13:25:24.469Z,https://image.rakuten.co.jp/coedobrewery/cabinet/kaku/imgrc0104097023.jpg
2025-04-09T13:27:15.341Z,https://image.rakuten.co.jp/coedobrewery/cabinet/kaku/imgrc0104097075.jpg
2025-04-09T13:28:32.020Z,https://image.rakuten.co.jp/coedobrewery/cabinet/kaku/imgrc0104097080.jpg
2025-04-09T13:30:36.762Z,https://image.rakuten.co.jp/coedobrewery/cabinet/kaku/imgrc0104097090.jpg
2025-04-09T13:31:24.997Z,https://image.rakuten.co.jp/coedobrewery/cabinet/kaku/imgrc0104097091.jpg
2025-04-09T13:34:10.264Z,https://image.rakuten.co.jp/coedobrewery/cabinet/kaku/gentei3sc_011.jpg
2025-04-09T13:34:35.499Z,https://image.rakuten.co.jp/coedobrewery/cabinet/kaku/imgrc0104097500.jpg
2025-04-09T13:36:27.551Z,https://image.rakuten.co.jp/coedobrewery/cabinet/kaku/imgrc0104097500.jpg
2025-04-15T08:12:06.342Z,https://image.rakuten.co.jp/somanoonchama/cabinet/item/mushikaki/mushikaki_top/mushikaki-250.jpg
2025-04-15T08:12:06.342Z,https://image.rakuten.co.jp/somanoonchama/cabinet/11040718/11588420/kanagashira-f-500g.jpg
2025-04-15T08:12:06.342Z,https://image.rakuten.co.jp/somanoonchama/cabinet/11040718/11588420/mukiebi-500g-bm.jpg
2025-04-15T08:12:14.172Z,https://image.rakuten.co.jp/somanoonchama/cabinet/item/mushikaki/mushikaki_top/mushikaki-250.jpg
2025-04-15T08:12:14.172Z,https://image.rakuten.co.jp/somanoonchama/cabinet/11040718/11588420/kanagashira-f-500g.jpg
2025-04-15T08:12:14.172Z,https://image.rakuten.co.jp/somanoonchama/cabinet/11040718/11588420/mukiebi-500g-bm.jpg
2025-04-15T08:13:02.741Z,https://image.rakuten.co.jp/somanoonchama/cabinet/item/mushikaki/mushikaki_top/mushikaki-250.jpg
2025-04-15T08:13:02.741Z,https://image.rakuten.co.jp/somanoonchama/cabinet/11040718/11588420/kanagashira-f-500g.jpg
2025-04-15T08:13:02.741Z,https://image.rakuten.co.jp/somanoonchama/cabinet/11040718/11588420/mukiebi-500g-bm.jpg
2025-04-15T08:13:10.937Z,https://image.rakuten.co.jp/somanoonchama/cabinet/11040718/11588420/kanagashira-f-500g.jpg
2025-04-15T08:13:10.937Z,https://image.rakuten.co.jp/somanoonchama/cabinet/11040718/11588420/mukiebi-500g-bm.jpg
2025-04-15T08:13:17.103Z,https://image.rakuten.co.jp/somanoonchama/cabinet/11040718/11588420/mukiebi-500g-bm.jpg
2025-04-15T08:29:03.166Z,https://image.rakuten.co.jp/somanoonchama/cabinet/11040718/test/kanagashira-f-500g.jpg
2025-04-15T08:29:13.803Z,https://image.rakuten.co.jp/somanoonchama/cabinet/11040718/test/kanagashira-f-500gc.jpg
2025-04-15T08:29:22.727Z,https://image.rakuten.co.jp/somanoonchama/cabinet/11040718/test/kanagashira-f-500gd.jpg
2025-04-15T08:46:02.977Z,https://image.rakuten.co.jp/somanoonchama/cabinet/11040718/test/mukiebi-500g-bm.jpg
2025-04-15T08:48:21.443Z,https://image.rakuten.co.jp/somanoonchama/cabinet/11040718/test/mukiebi-500g-bmc.jpg
2025-04-15T09:04:44.876Z,https://image.rakuten.co.jp/somanoonchama/cabinet/11040718/test/mushikaki-250c.jpg
2025-04-15T09:06:37.995Z,https://image.rakuten.co.jp/somanoonchama/cabinet/11040718/test/mushikaki-250d.jpg
2025-04-18T04:06:35.141Z,https://image.rakuten.co.jp/nikunokurouto/cabinet/sale/test/2024-0001-0004.jpg
2025-04-18T04:06:44.856Z,https://image.rakuten.co.jp/nikunokurouto/cabinet/sale/test/2024-0001-0002.jpg
2025-04-18T05:09:46.641Z,https://image.rakuten.co.jp/nikunokurouto/cabinet/sale/test/2024-0004-0003.jpg
2025-04-18T05:10:00.018Z,https://image.rakuten.co.jp/nikunokurouto/cabinet/sale/test/2024-0004-0006.jpg
2025-04-18T05:12:48.354Z,https://image.rakuten.co.jp/nikunokurouto/cabinet/sale/test/imgrc0108543316.jpg
2025-04-18T05:12:56.998Z,https://image.rakuten.co.jp/nikunokurouto/cabinet/sale/test/imgrc0108543315.jpg
2025-04-23T03:11:41.515Z,https://image.rakuten.co.jp/meat-companion/cabinet/dodeka/dekabarg_10.jpg
2025-04-23T03:11:51.159Z,https://image.rakuten.co.jp/meat-companion/cabinet/dodeka/dekabarg_10.jpg
2025-04-23T03:11:51.159Z,https://image.rakuten.co.jp/meat-companion/cabinet/dodeka/dekabarg_10.jpg
2025-04-23T03:11:51.159Z,https://image.rakuten.co.jp/meat-companion/cabinet/dodeka/dekabarg_10.jpg
2025-04-23T07:54:36.915Z,https://image.rakuten.co.jp/studio-beta/cabinet/10433841/test/mayo_sam_01.jpg
2025-04-23T09:07:36.382Z,https://image.rakuten.co.jp/tosachinmi/cabinet/sale/test/kaisendon-5.jpg
2025-04-24T05:55:07.095Z,https://image.rakuten.co.jp/tosachinmi/cabinet/sale/test/kaisendon-5.jpg
2025-04-24T05:55:57.173Z,https://image.rakuten.co.jp/tosachinmi/cabinet/sale/test/kaisendon-5.jpg
2025-04-24T05:55:57.173Z,https://image.rakuten.co.jp/tosachinmi/cabinet/sale/test/wararoast_3syu.jpg
2025-04-24T05:55:57.173Z,https://image.rakuten.co.jp/tosachinmi/cabinet/sale/test/wara_tai.jpg
2025-04-24T05:56:04.170Z,https://image.rakuten.co.jp/tosachinmi/cabinet/sale/test/kaisendon-5.jpg
2025-04-24T05:56:04.170Z,https://image.rakuten.co.jp/tosachinmi/cabinet/sale/test/wararoast_3syu.jpg
2025-04-24T05:56:04.170Z,https://image.rakuten.co.jp/tosachinmi/cabinet/sale/test/wara_tai.jpg
2025-04-24T05:56:08.522Z,https://image.rakuten.co.jp/tosachinmi/cabinet/sale/test/kaisendon-5.jpg
2025-04-24T05:56:08.522Z,https://image.rakuten.co.jp/tosachinmi/cabinet/sale/test/wararoast_3syu.jpg
2025-04-24T05:56:08.522Z,https://image.rakuten.co.jp/tosachinmi/cabinet/sale/test/wara_tai.jpg
2025-04-24T05:56:13.832Z,https://image.rakuten.co.jp/tosachinmi/cabinet/sale/test/wararoast_3syu.jpg
2025-04-24T05:56:13.832Z,https://image.rakuten.co.jp/tosachinmi/cabinet/sale/test/wara_tai.jpg
2025-04-24T05:56:18.325Z,https://image.rakuten.co.jp/tosachinmi/cabinet/sale/test/wara_tai.jpg
2025-04-24T05:57:03.641Z,https://image.rakuten.co.jp/tosachinmi/cabinet/sale/test/tochi-set.jpg
2025-04-24T05:57:03.641Z,https://image.rakuten.co.jp/tosachinmi/cabinet/sale/test/sio-ttkset.jpg
2025-04-24T05:57:03.641Z,https://image.rakuten.co.jp/tosachinmi/cabinet/sale/test/sio-ttkset-half.jpg
2025-04-24T05:57:03.641Z,https://image.rakuten.co.jp/tosachinmi/cabinet/sale/test/kaisenset-miyabi.jpg
2025-04-24T05:57:03.641Z,https://image.rakuten.co.jp/tosachinmi/cabinet/sale/test/kaisenset-hana.jpg
2025-04-24T05:57:10.537Z,https://image.rakuten.co.jp/tosachinmi/cabinet/sale/test/sio-ttkset.jpg
2025-04-24T05:57:10.537Z,https://image.rakuten.co.jp/tosachinmi/cabinet/sale/test/sio-ttkset-half.jpg
2025-04-24T05:57:10.537Z,https://image.rakuten.co.jp/tosachinmi/cabinet/sale/test/kaisenset-miyabi.jpg
2025-04-24T05:57:10.537Z,https://image.rakuten.co.jp/tosachinmi/cabinet/sale/test/kaisenset-hana.jpg
2025-04-24T05:57:14.623Z,https://image.rakuten.co.jp/tosachinmi/cabinet/sale/test/sio-ttkset-half.jpg
2025-04-24T05:57:14.623Z,https://image.rakuten.co.jp/tosachinmi/cabinet/sale/test/kaisenset-miyabi.jpg
2025-04-24T05:57:14.623Z,https://image.rakuten.co.jp/tosachinmi/cabinet/sale/test/kaisenset-hana.jpg
2025-04-24T05:57:19.947Z,https://image.rakuten.co.jp/tosachinmi/cabinet/sale/test/kaisenset-miyabi.jpg
2025-04-24T05:57:19.947Z,https://image.rakuten.co.jp/tosachinmi/cabinet/sale/test/kaisenset-hana.jpg
2025-04-24T05:57:24.035Z,https://image.rakuten.co.jp/tosachinmi/cabinet/sale/test/kaisenset-hana.jpg
2025-04-24T07:36:58.727Z,https://image.rakuten.co.jp/coedobrewery/cabinet/kaku/ir3set_01.jpg
2025-04-25T10:19:55.303Z,https://image.rakuten.co.jp/tosachinmi/cabinet/tamago/md_tamago_ku-pon_01.jpg
2025-04-28T00:45:15.746Z,https://image.rakuten.co.jp/tsubakiya/cabinet/11850571/imgrc0192967992.jpg
2025-04-28T00:45:15.746Z,https://image.rakuten.co.jp/tsubakiya/cabinet/11850571/md_3ico_ad07.jpg
2025-04-28T00:45:15.746Z,https://image.rakuten.co.jp/tsubakiya/cabinet/11850571/imgrc0192967994.jpg
2025-04-28T00:45:15.746Z,https://image.rakuten.co.jp/tsubakiya/cabinet/11850571/imgrc0192967995.jpg
2025-04-28T00:45:15.746Z,https://image.rakuten.co.jp/tsubakiya/cabinet/11850571/imgrc0192967996.jpg
2025-04-28T00:45:15.746Z,https://image.rakuten.co.jp/tsubakiya/cabinet/11850571/imgrc0192967997.jpg
2025-04-28T00:51:15.450Z,https://image.rakuten.co.jp/tsubakiya/cabinet/11850571/ot00041_sam2.jpg
2025-04-28T02:43:12.546Z,https://image.rakuten.co.jp/tosachinmi/cabinet/tamago/md_tamago_ku-pon_01.jpg
2025-04-28T02:43:24.853Z,https://image.rakuten.co.jp/tosachinmi/cabinet/tamago/md_tamago_ku-pon_01.jpg
2025-04-28T02:43:24.853Z,https://image.rakuten.co.jp/tosachinmi/cabinet/tamago/md_tamago_ku-pon_01.jpg
2025-04-28T02:43:24.853Z,https://image.rakuten.co.jp/tosachinmi/cabinet/tamago/md_tamago_ku-pon_01.jpg
2025-04-28T05:13:43.904Z,https://image.rakuten.co.jp/coedobrewery/cabinet/kaku/b4-g2-01.jpg
2025-04-28T05:13:43.904Z,https://image.rakuten.co.jp/coedobrewery/cabinet/kaku/imgrc0104592371.jpg
2025-04-28T05:13:43.904Z,https://image.rakuten.co.jp/coedobrewery/cabinet/kaku/imgrc0104592372.jpg
2025-04-28T05:13:53.826Z,https://image.rakuten.co.jp/coedobrewery/cabinet/kaku/b4-g2-01.jpg
2025-04-28T05:13:53.826Z,https://image.rakuten.co.jp/coedobrewery/cabinet/kaku/imgrc0104592371.jpg
2025-04-28T05:13:53.826Z,https://image.rakuten.co.jp/coedobrewery/cabinet/kaku/imgrc0104592372.jpg
2025-04-28T05:14:05.807Z,https://image.rakuten.co.jp/coedobrewery/cabinet/kaku/b4-g2-01.jpg
2025-04-28T05:14:05.807Z,https://image.rakuten.co.jp/coedobrewery/cabinet/kaku/imgrc0104592371.jpg
2025-04-28T05:14:05.807Z,https://image.rakuten.co.jp/coedobrewery/cabinet/kaku/imgrc0104592372.jpg
2025-04-28T05:14:26.926Z,https://image.rakuten.co.jp/coedobrewery/cabinet/kaku/imgrc0104592371.jpg
2025-04-28T05:14:37.368Z,https://image.rakuten.co.jp/coedobrewery/cabinet/kaku/imgrc0104592372.jpg
2025-04-28T05:14:57.769Z,https://image.rakuten.co.jp/coedobrewery/cabinet/kaku/imgrc0104592372.jpg
2025-04-28T05:14:57.769Z,https://image.rakuten.co.jp/coedobrewery/cabinet/kaku/imgrc0104592371.jpg
2025-04-28T05:14:57.769Z,https://image.rakuten.co.jp/coedobrewery/cabinet/kaku/b4-g2-01.jpg
2025-04-28T07:21:07.147Z,https://image.rakuten.co.jp/tsubakiya/cabinet/11850571/imgrc0192975558.jpg
2025-04-28T07:21:07.149Z,https://image.rakuten.co.jp/tsubakiya/cabinet/11850571/imgrc0192975561.jpg
2025-04-28T07:21:07.149Z,https://image.rakuten.co.jp/tsubakiya/cabinet/11850571/imgrc0192975565.jpg
2025-04-28T07:21:07.149Z,https://image.rakuten.co.jp/tsubakiya/cabinet/11850571/imgrc0192975571.jpg
2025-04-28T07:21:07.149Z,https://image.rakuten.co.jp/tsubakiya/cabinet/11850571/imgrc0192975573.jpg
2025-04-28T07:21:07.149Z,https://image.rakuten.co.jp/tsubakiya/cabinet/11850571/imgrc0192975610.jpg
2025-04-30T03:03:18.236Z,https://image.rakuten.co.jp/coedobrewery/cabinet/kaku/cbs-r6_sam.jpg
2025-04-30T05:36:37.077Z,https://image.rakuten.co.jp/tsubakiya/cabinet/11850571/imgrc0193021983.jpg
2025-04-30T08:57:27.174Z,https://image.rakuten.co.jp/coedobrewery/cabinet/kaku/trial_01a.jpg
2025-04-30T08:57:27.176Z,https://image.rakuten.co.jp/coedobrewery/cabinet/kaku/imgrc0104690240.jpg
2025-04-30T08:57:34.400Z,https://image.rakuten.co.jp/coedobrewery/cabinet/kaku/imgrc0104690240.jpg
2025-04-30T09:09:25.389Z,https://image.rakuten.co.jp/coedobrewery/cabinet/kaku/imgrc0104690798.jpg
2025-04-30T09:09:33.816Z,https://image.rakuten.co.jp/coedobrewery/cabinet/kaku/imgrc0104690800.jpg
2025-04-30T09:16:02.729Z,https://image.rakuten.co.jp/coedobrewery/cabinet/kaku/c3cs-2.jpg
2025-04-30T09:19:06.990Z,https://image.rakuten.co.jp/coedobrewery/cabinet/10799879/12049226/6syu24hon_flick01a.jpg
2025-04-30T09:19:15.601Z,https://image.rakuten.co.jp/coedobrewery/cabinet/10799879/12049226/6syu12hon_flick01a.jpg
2025-04-30T09:26:55.876Z,https://image.rakuten.co.jp/coedobrewery/cabinet/kaku/cbs-48m.jpg
2025-04-30T09:27:07.933Z,https://image.rakuten.co.jp/coedobrewery/cabinet/kaku/cbs-a24.jpg
2025-04-30T09:33:00.515Z,https://image.rakuten.co.jp/coedobrewery/cabinet/kaku/cbs-a24_sam.jpg
2025-04-30T09:33:09.999Z,https://image.rakuten.co.jp/coedobrewery/cabinet/kaku/cbs-48m_sam.jpg
2025-04-30T09:45:52.516Z,https://image.rakuten.co.jp/coedobrewery/cabinet/kaku/imgrc0104692610.jpg
2025-04-30T09:48:30.079Z,https://image.rakuten.co.jp/coedobrewery/cabinet/kaku/cbs-48m02_sam.jpg
2025-04-30T09:51:33.267Z,https://image.rakuten.co.jp/coedobrewery/cabinet/10799879/12049226/ir3set_01.jpg
2025-05-01T09:46:01.316Z,https://image.rakuten.co.jp/somanoonchama/cabinet/item/hokke/hokkekokusan-top1.jpg
2025-05-01T10:14:48.318Z,https://image.rakuten.co.jp/somanoonchama/cabinet/11040718/dis_sam/hokke-iqf-30-dis.jpg
2025-05-01T10:15:16.208Z,https://image.rakuten.co.jp/somanoonchama/cabinet/11040718/sam_cp/hokke-iqf-30-cp.jpg
2025-05-02T04:57:05.692Z,https://image.rakuten.co.jp/ushikama/cabinet/sale/12010123/12010125/firekoro_01.jpg
2025-05-02T04:57:12.591Z,https://image.rakuten.co.jp/ushikama/cabinet/sale/12010123/12010125/2firekoro_02.jpg
2025-05-02T08:10:25.978Z,https://image.rakuten.co.jp/studio-beta/cabinet/giftset/hayawari.jpg
2025-05-06T14:59:41.099Z,https://image.rakuten.co.jp/tsubakiya/cabinet/11850571/imgrc0193473431.jpg
2025-05-06T14:59:41.099Z,https://image.rakuten.co.jp/tsubakiya/cabinet/11850571/imgrc0193473441.jpg
2025-05-06T14:59:41.099Z,https://image.rakuten.co.jp/tsubakiya/cabinet/11850571/imgrc0193473447.jpg
2025-05-06T14:59:41.099Z,https://image.rakuten.co.jp/tsubakiya/cabinet/11850571/imgrc0193473460.jpg
2025-05-06T14:59:41.099Z,https://image.rakuten.co.jp/tsubakiya/cabinet/11850571/imgrc0193473467.jpg
2025-05-06T15:16:39.965Z,https://image.rakuten.co.jp/coedobrewery/cabinet/kaku/ao3set_01b.jpg
2025-05-07T09:44:34.126Z,https://image.rakuten.co.jp/meat-companion/cabinet/10388364/250503/2018-0045-0001.jpg
2025-05-07T09:54:15.088Z,https://image.rakuten.co.jp/meat-companion/cabinet/10388364/250503/dongu_01.jpg
2025-05-07T10:04:16.796Z,https://image.rakuten.co.jp/coedobrewery/cabinet/kaku/titi1_01mor_sam.jpg
2025-05-08T02:29:42.077Z,https://image.rakuten.co.jp/tsubakiya/cabinet/12046811/12067795/ot00041_sam2.jpg
2025-05-08T08:20:20.436Z,https://image.rakuten.co.jp/coedobrewery/cabinet/kaku/imgrc0104915211.jpg
2025-05-08T08:20:20.439Z,https://image.rakuten.co.jp/coedobrewery/cabinet/kaku/imgrc0104915212.jpg
2025-05-08T08:20:25.239Z,https://image.rakuten.co.jp/coedobrewery/cabinet/kaku/imgrc0104915212.jpg
2025-05-08T08:20:39.718Z,https://image.rakuten.co.jp/coedobrewery/cabinet/kaku/kohaku2_02.jpg
2025-05-08T08:20:48.260Z,https://image.rakuten.co.jp/coedobrewery/cabinet/kaku/6set_01.jpg
2025-05-08T08:25:16.821Z,https://image.rakuten.co.jp/coedobrewery/cabinet/kaku/imgrc0104915293.jpg
2025-05-08T08:28:01.048Z,https://image.rakuten.co.jp/coedobrewery/cabinet/kaku/imgrc0104915295.jpg
2025-05-09T00:21:06.530Z,https://image.rakuten.co.jp/tsubakiya/cabinet/kaku/fd_2ico_ad07.jpg
2025-05-09T00:46:32.616Z,https://image.rakuten.co.jp/tsubakiya/cabinet/kaku/imgrc0193618171.jpg
2025-05-09T03:03:16.167Z,https://image.rakuten.co.jp/tsubakiya/cabinet/kaku/imgrc0193628587.jpg
2025-05-09T03:03:16.168Z,https://image.rakuten.co.jp/tsubakiya/cabinet/kaku/md_3ico_ad96.jpg
2025-05-09T03:03:16.168Z,https://image.rakuten.co.jp/tsubakiya/cabinet/kaku/md_3ico_ad92.jpg
2025-05-09T03:03:16.168Z,https://image.rakuten.co.jp/tsubakiya/cabinet/kaku/md_3ico_ad91.jpg
2025-05-09T03:03:16.168Z,https://image.rakuten.co.jp/tsubakiya/cabinet/kaku/md_3ico_ad90.jpg
2025-05-09T03:03:16.168Z,https://image.rakuten.co.jp/tsubakiya/cabinet/kaku/imgrc0193628576.jpg
2025-05-09T03:03:16.168Z,https://image.rakuten.co.jp/tsubakiya/cabinet/kaku/kidaru.jpg
2025-05-09T03:07:38.849Z,https://image.rakuten.co.jp/coedobrewery/cabinet/kaku/imgrc0104924926.jpg
2025-05-09T03:07:49.415Z,https://image.rakuten.co.jp/coedobrewery/cabinet/kaku/imgrc0104924944.jpg
2025-05-09T04:23:05.682Z,https://image.rakuten.co.jp/tosachinmi/cabinet/sale/fd_sam/imgrc0193632511.jpg
2025-05-12T02:29:23.101Z,https://image.rakuten.co.jp/tosachinmi/cabinet/sale/test/imgrc0193702869.jpg
2025-05-12T02:52:00.821Z,https://image.rakuten.co.jp/tosachinmi/cabinet/sale/test/imgrc0193704137.jpg
2025-05-12T05:13:35.795Z,https://image.rakuten.co.jp/tosachinmi/cabinet/sale/test/imgrc0193710204.jpg
2025-05-12T05:14:01.668Z,https://image.rakuten.co.jp/tosachinmi/cabinet/sale/test/imgrc0193710217.jpg
2025-05-12T05:15:19.333Z,https://image.rakuten.co.jp/tosachinmi/cabinet/sale/test/imgrc0193710218.jpg
2025-05-12T05:16:41.453Z,https://image.rakuten.co.jp/tosachinmi/cabinet/sale/test/imgrc0193710273.jpg
2025-05-12T05:19:04.197Z,https://image.rakuten.co.jp/tosachinmi/cabinet/sale/test/imgrc0193710340.jpg
2025-05-12T05:20:06.937Z,https://image.rakuten.co.jp/tosachinmi/cabinet/sale/test/imgrc0193710370.jpg
2025-05-12T05:22:36.330Z,https://image.rakuten.co.jp/tosachinmi/cabinet/sale/test/imgrc0193710537.jpg
2025-05-12T05:24:22.359Z,https://image.rakuten.co.jp/tosachinmi/cabinet/sale/test/imgrc0193710641.jpg
2025-05-12T05:25:48.028Z,https://image.rakuten.co.jp/tosachinmi/cabinet/sale/test/imgrc0193710701.jpg
2025-05-12T05:28:29.304Z,https://image.rakuten.co.jp/tosachinmi/cabinet/sale/test/imgrc0193710750.jpg
2025-05-12T05:29:19.874Z,https://image.rakuten.co.jp/tosachinmi/cabinet/sale/test/0101oyaji-dai1-kt39.jpg
2025-05-12T05:34:46.927Z,https://image.rakuten.co.jp/tosachinmi/cabinet/sale/test/imgrc0193710796.jpg
2025-05-12T05:36:20.470Z,https://image.rakuten.co.jp/tosachinmi/cabinet/sale/fd_sam/imgrc0193710833.jpg
2025-05-12T06:27:18.285Z,https://image.rakuten.co.jp/tosachinmi/cabinet/sale/test/imgrc0193714770.jpg
2025-05-12T06:27:29.486Z,https://image.rakuten.co.jp/tosachinmi/cabinet/sale/test/imgrc0193714769.jpg
2025-05-13T07:11:41.588Z,https://image.rakuten.co.jp/tosachinmi/cabinet/sale/test/imgrc0193800930.jpg
2025-05-13T07:11:52.883Z,https://image.rakuten.co.jp/tosachinmi/cabinet/sale/test/imgrc0193800928.jpg
2025-05-13T07:12:04.230Z,https://image.rakuten.co.jp/tosachinmi/cabinet/sale/test/imgrc0193800925.jpg
2025-05-13T07:12:13.060Z,https://image.rakuten.co.jp/tosachinmi/cabinet/sale/test/imgrc0193800922.jpg
2025-05-13T07:12:23.911Z,https://image.rakuten.co.jp/tosachinmi/cabinet/sale/test/imgrc0193800919.jpg
2025-05-13T07:12:35.155Z,https://image.rakuten.co.jp/tosachinmi/cabinet/sale/test/imgrc0193800916.jpg
